method,split,seeds,episodes_per_seed,mean_success_rate,ci95_success_rate,mean_mean_final_belief_error,ci95_mean_final_belief_error,mean_mean_error_during_occlusion,ci95_mean_error_during_occlusion,mean_mean_error_after_occlusion,ci95_mean_error_after_occlusion,mean_false_disappearance_rate,ci95_false_disappearance_rate,mean_identity_switch_rate,ci95_identity_switch_rate,mean_wrong_object_contact_rate,ci95_wrong_object_contact_rate,mean_wrong_contact_rate,ci95_wrong_contact_rate,mean_target_contact_rate,ci95_target_contact_rate,mean_mean_reacquisition_latency,ci95_mean_reacquisition_latency,mean_mean_diagnostic_steps,ci95_mean_diagnostic_steps,mean_mean_path_length,ci95_mean_path_length,mean_mean_calibration_error,ci95_mean_calibration_error,mean_mean_occluded_steps,ci95_mean_occluded_steps
ensemble_uncertainty_planner,camera_dropout_burst,8,6,0.08333,0.08731,0.14060,0.04972,0.13561,0.03564,0.05621,0.00386,0.43237,0.05237,0.11237,0.05814,0.00000,0.00000,0.16296,0.07652,0.20000,0.03146,0.14707,0.04658,33.08333,0.88820,1.43482,0.04742,0.09138,0.02421,42.81250,2.74730
ensemble_uncertainty_planner,combined_extreme_stress,8,6,0.10417,0.10581,0.40116,0.13788,0.35366,0.04539,0.20317,0.12024,0.86194,0.03447,0.30780,0.04520,0.10417,0.08593,0.12917,0.05112,0.10417,0.01971,18.88649,18.20282,32.27083,3.74495,1.60602,0.03574,0.63740,0.15298,60.12500,2.45835
ensemble_uncertainty_planner,combined_stress,8,6,0.06250,0.05978,0.32871,0.07081,0.27826,0.03605,0.15999,0.06991,0.80528,0.03119,0.23683,0.03827,0.00000,0.00000,0.17986,0.09300,0.15532,0.02883,13.22356,8.66806,32.31250,1.19299,1.61527,0.02796,0.34120,0.05350,54.68750,2.20818
ensemble_uncertainty_planner,distractor_swap,8,6,0.64583,0.13005,0.07587,0.01906,0.09151,0.00817,0.03489,0.00142,0.11055,0.03022,0.10313,0.01582,0.00000,0.00000,0.26111,0.06182,0.43102,0.00878,0.04444,0.02484,26.58333,0.83968,1.50929,0.03936,0.04391,0.00109,40.31250,0.98085
ensemble_uncertainty_planner,embodiment_control_shift,8,6,0.08333,0.08731,0.11286,0.05174,0.11810,0.03435,0.05044,0.02040,0.48851,0.04114,0.09906,0.04418,0.00000,0.00000,0.19954,0.07394,0.19190,0.02249,1.95707,3.67154,31.81250,1.45624,1.38326,0.03934,0.08659,0.02951,41.43750,2.88896
ensemble_uncertainty_planner,end_effector_occlusion,8,6,0.27083,0.16260,0.15166,0.06261,0.15637,0.04401,0.07110,0.04319,0.27605,0.06802,0.08248,0.04261,0.00000,0.00000,0.10579,0.04706,0.34722,0.02727,5.67083,5.36934,28.87500,1.29311,1.58339,0.02521,0.07308,0.02231,47.35417,3.09684
ensemble_uncertainty_planner,false_reappearance,8,6,0.12500,0.08167,0.16138,0.06453,0.15152,0.03215,0.06866,0.02884,0.44085,0.06016,0.12419,0.03516,0.00000,0.00000,0.20926,0.07519,0.14491,0.03054,3.79687,4.82010,33.83333,1.57028,1.45140,0.05267,0.10356,0.02351,45.56250,2.20603
ensemble_uncertainty_planner,hidden_contact_drift,8,6,0.08334,0.06174,0.12445,0.04738,0.12458,0.03418,0.06595,0.02590,0.51338,0.04578,0.10742,0.05262,0.00000,0.00000,0.10903,0.05650,0.20417,0.01676,5.68777,5.37750,30.75000,1.65765,1.39324,0.04796,0.13905,0.05145,41.43750,2.95870
ensemble_uncertainty_planner,high_symmetry_layout,8,6,0.10417,0.05978,0.09110,0.03803,0.11647,0.02546,0.05094,0.01496,0.38740,0.05368,0.08751,0.03364,0.00000,0.00000,0.21227,0.09457,0.13959,0.02739,1.93314,3.67628,33.04166,0.84814,1.42014,0.05189,0.08364,0.02314,42.47917,2.12642
ensemble_uncertainty_planner,long_self_occlusion,8,6,0.27083,0.10581,0.29890,0.10159,0.22741,0.04422,0.10267,0.05174,0.47506,0.06064,0.18589,0.07399,0.00000,0.00000,0.04954,0.03356,0.27315,0.03201,7.53125,5.56382,30.85417,0.94926,1.64529,0.02608,0.10108,0.02243,53.16667,2.89361
ensemble_uncertainty_planner,near_identical_distractors,8,6,0.54167,0.20241,0.11339,0.05253,0.11799,0.02792,0.05098,0.01911,0.25031,0.05701,0.11844,0.03103,0.00000,0.00000,0.17500,0.06025,0.38820,0.02357,1.94653,3.69810,28.77083,1.32971,1.50128,0.03410,0.05549,0.01122,43.27083,2.14560
ensemble_uncertainty_planner,nominal,8,6,0.91667,0.06174,0.03917,0.01838,0.10457,0.00949,0.01495,0.00044,0.00591,0.00713,0.04167,0.05346,0.00000,0.00000,0.07870,0.04468,0.74329,0.01389,0.00000,0.00000,4.72917,0.80002,1.31304,0.03870,0.03869,0.00457,35.16667,1.38042
ensemble_uncertainty_planner,object_displacement,8,6,0.50000,0.21385,0.06961,0.06166,0.07964,0.02920,0.03615,0.00083,0.24724,0.04945,0.04395,0.02832,0.00000,0.00000,0.10463,0.06505,0.43958,0.02167,0.04954,0.01912,27.14583,0.69417,1.33127,0.04638,0.05447,0.00968,35.37500,2.37556
ensemble_uncertainty_planner,short_self_occlusion,8,6,0.64583,0.07402,0.12817,0.04384,0.13482,0.01808,0.04171,0.03163,0.10090,0.02904,0.11181,0.07711,0.00000,0.00000,0.04838,0.04057,0.52246,0.01958,1.88889,3.67115,22.14583,1.04299,1.54502,0.03559,0.05438,0.00927,42.50000,1.48162
ensemble_uncertainty_planner,stale_memory_trap,8,6,0.12500,0.08167,0.27743,0.10863,0.22959,0.06338,0.09704,0.06626,0.79115,0.04340,0.18664,0.04410,0.00000,0.00000,0.12037,0.05733,0.13912,0.03573,7.53891,9.62858,35.64583,3.83371,1.56046,0.07027,0.27470,0.12671,53.14583,3.97092
hist_gradient_occlusion_regressor,camera_dropout_burst,8,6,0.91667,0.06174,0.06515,0.00687,0.06356,0.00534,0.06022,0.00945,0.19877,0.01717,0.23740,0.07072,0.00000,0.00000,0.15810,0.07664,0.69190,0.03620,75.02083,5.52527,0.00000,0.00000,1.06712,0.04661,0.06537,0.00606,69.60417,0.89661
hist_gradient_occlusion_regressor,combined_extreme_stress,8,6,0.68750,0.19944,0.07754,0.01430,0.07935,0.00884,0.07726,0.01457,0.22293,0.01802,0.35224,0.10958,0.00000,0.00000,0.25000,0.06337,0.55116,0.09621,86.25000,4.81170,0.00000,0.00000,1.10975,0.03583,0.06548,0.00190,70.14583,0.94322
hist_gradient_occlusion_regressor,combined_stress,8,6,0.72917,0.13718,0.06913,0.01930,0.06846,0.00870,0.06943,0.01928,0.22246,0.01286,0.28907,0.06283,0.00000,0.00000,0.24005,0.07172,0.61782,0.06478,88.12500,3.67500,0.00000,0.00000,1.10309,0.03778,0.06624,0.00289,69.91667,0.78332
hist_gradient_occlusion_regressor,distractor_swap,8,6,1.00000,0.00000,0.05172,0.00658,0.04809,0.00411,0.05078,0.00668,0.21264,0.01680,0.33840,0.06737,0.00000,0.00000,0.22454,0.09018,0.76643,0.01149,86.25000,4.81170,0.00000,0.00000,1.05620,0.04141,0.06636,0.00320,69.16667,0.96036
hist_gradient_occlusion_regressor,embodiment_control_shift,8,6,0.91667,0.10693,0.05685,0.01613,0.05213,0.00810,0.05683,0.01604,0.21945,0.01531,0.30101,0.09826,0.00000,0.00000,0.13403,0.06958,0.71042,0.05798,88.12500,3.67500,0.00000,0.00000,1.03714,0.05245,0.06798,0.00396,69.47917,1.02083
hist_gradient_occlusion_regressor,end_effector_occlusion,8,6,1.00000,0.00000,0.04098,0.00979,0.03975,0.00272,0.04098,0.00979,0.22925,0.01286,0.17112,0.09228,0.00000,0.00000,0.08611,0.04510,0.77037,0.01346,90.00000,0.00000,0.00000,0.00000,1.03384,0.04736,0.07483,0.00282,70.14583,1.16060
hist_gradient_occlusion_regressor,false_reappearance,8,6,0.85417,0.07402,0.06754,0.00419,0.06485,0.00421,0.06734,0.00424,0.21151,0.01526,0.30515,0.06696,0.00000,0.00000,0.22130,0.07182,0.63565,0.05636,82.50000,5.55608,0.00000,0.00000,1.07464,0.02068,0.06301,0.00259,70.04167,0.62577
hist_gradient_occlusion_regressor,hidden_contact_drift,8,6,0.93750,0.05978,0.05200,0.01071,0.05523,0.00382,0.05186,0.00992,0.20665,0.01633,0.22122,0.08771,0.00000,0.00000,0.06968,0.06858,0.72871,0.02862,82.50000,5.55608,0.00000,0.00000,1.06723,0.03405,0.06540,0.00286,69.43750,0.75087
hist_gradient_occlusion_regressor,high_symmetry_layout,8,6,0.95833,0.05346,0.06579,0.00545,0.05346,0.00385,0.06276,0.00667,0.20890,0.01814,0.21180,0.08366,0.00000,0.00000,0.13380,0.07834,0.72685,0.03901,86.25000,4.81170,0.00000,0.00000,1.09442,0.04299,0.06635,0.00319,69.10417,1.03289
hist_gradient_occlusion_regressor,long_self_occlusion,8,6,0.95833,0.05346,0.04692,0.00516,0.04699,0.00553,0.04692,0.00516,0.24315,0.00703,0.11831,0.09395,0.00000,0.00000,0.05162,0.04515,0.76065,0.01460,90.00000,0.00000,0.00000,0.00000,1.02067,0.03281,0.07261,0.00337,71.37500,0.62272
hist_gradient_occlusion_regressor,near_identical_distractors,8,6,0.97917,0.04083,0.05352,0.01240,0.05230,0.00436,0.05375,0.01255,0.20888,0.01872,0.19723,0.10278,0.00000,0.00000,0.20972,0.13080,0.75833,0.01020,84.37500,7.73373,0.00000,0.00000,1.06170,0.03178,0.06586,0.00343,69.52083,0.63989
hist_gradient_occlusion_regressor,nominal,8,6,1.00000,0.00000,0.02197,0.00762,0.01998,0.00260,0.02034,0.00770,0.15168,0.02184,0.08681,0.07379,0.00000,0.00000,0.10556,0.07135,0.77824,0.00817,69.37500,7.73373,0.00000,0.00000,0.97534,0.04575,0.06864,0.00466,66.20833,1.11933
hist_gradient_occlusion_regressor,object_displacement,8,6,0.95833,0.05346,0.03975,0.00710,0.04592,0.00539,0.03929,0.00705,0.20471,0.01741,0.16327,0.08126,0.00000,0.00000,0.09722,0.04133,0.74653,0.03301,82.50000,5.55608,0.00000,0.00000,1.04540,0.04093,0.06888,0.00456,69.16666,0.88605
hist_gradient_occlusion_regressor,short_self_occlusion,8,6,1.00000,0.00000,0.04014,0.01203,0.03561,0.00373,0.03829,0.01226,0.21256,0.01506,0.04468,0.02981,0.00000,0.00000,0.02593,0.02229,0.77060,0.01267,86.25000,4.81170,0.00000,0.00000,1.00744,0.02896,0.07227,0.00366,69.22917,0.65023
hist_gradient_occlusion_regressor,stale_memory_trap,8,6,0.81250,0.09638,0.06688,0.01196,0.06042,0.00571,0.06688,0.01196,0.23561,0.00662,0.22308,0.09210,0.00000,0.00000,0.11551,0.07369,0.65301,0.05741,90.00000,0.00000,0.00000,0.00000,1.08079,0.03236,0.06722,0.00329,70.58333,0.61425
identity_consistency_tracker,camera_dropout_burst,8,6,0.31250,0.13004,0.17834,0.02813,0.23460,0.00922,0.06087,0.00443,0.04590,0.03136,0.40410,0.04540,0.00000,0.00000,0.28333,0.04347,0.22963,0.02938,0.17743,0.05498,0.00000,0.00000,1.91573,0.05415,0.09910,0.00504,42.20834,2.98423
identity_consistency_tracker,combined_extreme_stress,8,6,0.16667,0.12347,0.17129,0.02517,0.21227,0.01106,0.10315,0.01566,0.21171,0.05134,0.54862,0.06264,0.00000,0.00000,0.42685,0.08720,0.16528,0.01640,17.11458,10.28078,0.00000,0.00000,1.85561,0.06137,0.10700,0.00424,54.87500,2.04260
identity_consistency_tracker,combined_stress,8,6,0.16667,0.08730,0.18004,0.03610,0.22245,0.01775,0.08507,0.02963,0.14045,0.05807,0.55734,0.08429,0.00000,0.00000,0.42778,0.08011,0.18264,0.02262,9.49514,7.70569,0.00000,0.00000,1.88540,0.10192,0.10131,0.00864,51.00000,3.77185
identity_consistency_tracker,distractor_swap,8,6,0.31250,0.11446,0.11045,0.02902,0.18089,0.00897,0.03554,0.00249,0.05208,0.02766,0.61662,0.04790,0.00000,0.00000,0.49745,0.04012,0.36204,0.02604,1.92569,3.67023,0.00000,0.00000,1.64081,0.04471,0.06975,0.00380,43.37500,2.69217
identity_consistency_tracker,embodiment_control_shift,8,6,0.29167,0.10237,0.15108,0.02161,0.20820,0.00730,0.04418,0.00192,0.05607,0.02843,0.56127,0.07762,0.00000,0.00000,0.34607,0.09127,0.28334,0.03518,0.09687,0.03215,0.00000,0.00000,1.77188,0.03623,0.08351,0.00207,43.68750,1.91420
identity_consistency_tracker,end_effector_occlusion,8,6,0.31250,0.09638,0.17617,0.03847,0.20862,0.01508,0.03363,0.00156,0.02101,0.01620,0.38116,0.06374,0.00000,0.00000,0.24606,0.06963,0.26505,0.01691,0.04410,0.01859,0.00000,0.00000,1.87386,0.07675,0.07938,0.00825,43.00000,2.31729
identity_consistency_tracker,false_reappearance,8,6,0.31250,0.11446,0.15569,0.04022,0.19139,0.01101,0.06202,0.01608,0.12600,0.05588,0.64697,0.04708,0.00000,0.00000,0.48472,0.05932,0.22130,0.01863,7.57292,7.84300,0.00000,0.00000,1.70373,0.05884,0.08238,0.00416,50.08333,3.05007
identity_consistency_tracker,hidden_contact_drift,8,6,0.35417,0.14395,0.20603,0.03928,0.22573,0.00903,0.05879,0.02742,0.09201,0.08056,0.48459,0.08736,0.00000,0.00000,0.25717,0.07790,0.25764,0.01638,5.69792,7.76014,0.00000,0.00000,1.85780,0.04661,0.08966,0.00681,43.89583,3.97020
identity_consistency_tracker,high_symmetry_layout,8,6,0.20833,0.13455,0.14119,0.02851,0.19160,0.00797,0.04469,0.00276,0.06124,0.02573,0.60331,0.05811,0.00000,0.00000,0.44908,0.04298,0.23796,0.03238,0.07569,0.07093,0.00000,0.00000,1.72891,0.03185,0.07869,0.00328,46.31250,2.22965
identity_consistency_tracker,long_self_occlusion,8,6,0.10417,0.05978,0.13866,0.05044,0.23527,0.01371,0.03754,0.00304,0.05491,0.03778,0.24972,0.07550,0.00000,0.00000,0.15417,0.03540,0.20787,0.02568,0.05278,0.04576,0.00000,0.00000,1.99352,0.08213,0.09474,0.00631,46.93750,2.24456
identity_consistency_tracker,near_identical_distractors,8,6,0.18750,0.14396,0.10918,0.03377,0.18493,0.00650,0.04388,0.00568,0.07868,0.05850,0.62269,0.02877,0.00000,0.00000,0.46366,0.05162,0.31690,0.01890,3.79340,4.81394,0.00000,0.00000,1.67013,0.03755,0.07465,0.00371,44.45833,2.71332
identity_consistency_tracker,nominal,8,6,0.89583,0.08593,0.06520,0.03698,0.09302,0.00883,0.01521,0.00042,0.00329,0.00481,0.09722,0.10081,0.00000,0.00000,0.10880,0.04921,0.72454,0.02800,0.00000,0.00000,0.00000,0.00000,1.29729,0.06835,0.02175,0.00340,34.22917,1.20964
identity_consistency_tracker,object_displacement,8,6,0.37500,0.14803,0.13552,0.04168,0.22860,0.00815,0.03818,0.00190,0.01586,0.01469,0.38162,0.08999,0.00000,0.00000,0.15810,0.06460,0.31273,0.01621,0.03542,0.02406,0.00000,0.00000,1.87353,0.03649,0.08325,0.00503,36.87500,1.43424
identity_consistency_tracker,short_self_occlusion,8,6,0.50000,0.17461,0.07703,0.01928,0.17341,0.01284,0.02679,0.00116,0.00826,0.00822,0.23056,0.11580,0.00000,0.00000,0.11181,0.04093,0.39907,0.01482,0.00521,0.01021,0.00000,0.00000,1.70892,0.04694,0.05757,0.00523,39.43750,0.78317
identity_consistency_tracker,stale_memory_trap,8,6,0.22917,0.23047,0.16525,0.04583,0.23269,0.01070,0.05494,0.00847,0.07694,0.08113,0.45966,0.05339,0.00000,0.00000,0.31435,0.05862,0.18055,0.02188,3.89167,7.33376,0.00000,0.00000,1.95488,0.03777,0.09818,0.00336,46.37500,3.82690
last_seen_memory,camera_dropout_burst,8,6,0.33333,0.12347,0.11190,0.02516,0.17988,0.01757,0.08231,0.02808,0.38213,0.02866,0.92729,0.02505,0.00000,0.00000,0.39606,0.04850,0.27315,0.04858,11.39826,10.76738,0.00000,0.00000,1.46285,0.04021,0.09284,0.00709,51.12500,3.50297
last_seen_memory,combined_extreme_stress,8,6,0.14583,0.11446,0.14139,0.02074,0.16621,0.01296,0.09546,0.00938,0.46650,0.02851,0.82977,0.03148,0.12500,0.08167,0.64190,0.04676,0.12546,0.03590,24.53854,9.49264,0.00000,0.00000,1.40605,0.03668,0.08053,0.00303,61.12500,3.84528
last_seen_memory,combined_stress,8,6,0.12500,0.10237,0.13495,0.01816,0.16328,0.02042,0.08639,0.00880,0.43460,0.04183,0.86120,0.04546,0.00000,0.00000,0.58287,0.08835,0.17708,0.05615,28.20069,15.11535,0.00000,0.00000,1.40895,0.06783,0.08605,0.00475,58.02083,5.28303
last_seen_memory,distractor_swap,8,6,0.45833,0.19276,0.08254,0.02194,0.12282,0.00862,0.04538,0.00845,0.40077,0.02368,0.95009,0.02037,0.00000,0.00000,0.55857,0.05382,0.43033,0.04376,9.41059,5.38100,0.00000,0.00000,1.31847,0.04507,0.07764,0.00367,51.52083,2.92990
last_seen_memory,embodiment_control_shift,8,6,0.43750,0.10581,0.09350,0.02964,0.13681,0.01686,0.06452,0.02474,0.41493,0.02597,0.94975,0.02459,0.00000,0.00000,0.48333,0.07605,0.32014,0.03647,11.31771,10.75769,0.00000,0.00000,1.36163,0.04323,0.08081,0.00407,53.72917,2.70008
last_seen_memory,end_effector_occlusion,8,6,0.37500,0.18261,0.10676,0.03404,0.13063,0.02539,0.05013,0.02478,0.42745,0.02105,0.96822,0.02037,0.00000,0.00000,0.33519,0.07236,0.37847,0.05190,13.15660,6.65785,0.00000,0.00000,1.40450,0.05863,0.09507,0.00588,55.89583,2.89028
last_seen_memory,false_reappearance,8,6,0.12500,0.10237,0.13050,0.02299,0.15747,0.01380,0.07635,0.01540,0.42334,0.02187,0.94437,0.02402,0.00000,0.00000,0.59791,0.05585,0.16875,0.02451,16.99400,6.65363,0.00000,0.00000,1.33847,0.04014,0.07894,0.00267,55.52083,2.43395
last_seen_memory,hidden_contact_drift,8,6,0.39583,0.15043,0.10414,0.03574,0.16164,0.02401,0.05973,0.01710,0.39591,0.05354,0.95687,0.02625,0.00000,0.00000,0.38472,0.10551,0.29606,0.03517,15.05283,12.41755,0.00000,0.00000,1.42884,0.04905,0.09136,0.00673,52.35417,6.37880
last_seen_memory,high_symmetry_layout,8,6,0.16667,0.06173,0.09570,0.02088,0.14248,0.00855,0.05746,0.01266,0.41283,0.02152,0.92896,0.01515,0.00000,0.00000,0.53079,0.03581,0.22778,0.05127,16.93490,11.69916,0.00000,0.00000,1.38841,0.04215,0.07663,0.00356,54.02083,2.80496
last_seen_memory,long_self_occlusion,8,6,0.37500,0.16039,0.12887,0.02922,0.14065,0.01200,0.06617,0.01797,0.45418,0.02210,0.97309,0.03989,0.00000,0.00000,0.26250,0.06979,0.34445,0.05532,20.66493,11.02165,0.00000,0.00000,1.45775,0.07562,0.09672,0.00522,59.47917,2.85679
last_seen_memory,near_identical_distractors,8,6,0.31250,0.14395,0.09855,0.01949,0.13252,0.00682,0.05307,0.01147,0.40136,0.02087,0.93182,0.01761,0.00000,0.00000,0.52662,0.04526,0.31435,0.01959,13.15838,8.67112,0.00000,0.00000,1.31305,0.03034,0.07665,0.00354,52.29167,2.77718
last_seen_memory,nominal,8,6,0.89583,0.05978,0.03485,0.01548,0.04349,0.01323,0.03463,0.01605,0.46542,0.01609,0.66667,0.10693,0.00000,0.00000,0.16967,0.05161,0.71296,0.02939,37.50000,11.11216,0.00000,0.00000,1.06580,0.04794,0.11682,0.00412,59.04167,1.92047
last_seen_memory,object_displacement,8,6,0.52083,0.19945,0.11122,0.02830,0.13299,0.01791,0.04430,0.01544,0.37566,0.03282,0.97156,0.01667,0.00000,0.00000,0.23287,0.08995,0.46921,0.04675,1.93472,3.65838,0.00000,0.00000,1.44489,0.08202,0.09320,0.00244,49.35416,3.80677
last_seen_memory,short_self_occlusion,8,6,0.75000,0.12347,0.08590,0.04012,0.08167,0.00928,0.02840,0.00509,0.41883,0.02320,1.00000,0.00000,0.00000,0.00000,0.11806,0.04526,0.59630,0.02566,1.89931,3.66832,0.00000,0.00000,1.35584,0.05260,0.10874,0.00453,53.77083,2.69442
last_seen_memory,stale_memory_trap,8,6,0.22917,0.10581,0.14458,0.03068,0.16752,0.01523,0.07955,0.03023,0.44482,0.02763,0.92069,0.02816,0.00000,0.00000,0.49884,0.07163,0.18125,0.04057,18.85694,14.41243,0.00000,0.00000,1.44984,0.04686,0.08690,0.00700,58.37500,3.44483
learned_occlusion_regressor,camera_dropout_burst,8,6,0.68750,0.13004,0.07337,0.00815,0.07624,0.00594,0.07273,0.00812,0.20531,0.01805,0.59020,0.05968,0.00000,0.00000,0.14282,0.11159,0.64884,0.07161,78.77500,9.18957,0.00000,0.00000,1.10956,0.04398,0.06897,0.00422,68.81250,1.40564
learned_occlusion_regressor,combined_extreme_stress,8,6,0.70833,0.17186,0.09029,0.01983,0.08643,0.00805,0.08615,0.01611,0.22689,0.01505,0.53085,0.07823,0.00000,0.00000,0.24745,0.07839,0.54630,0.09433,88.12500,3.67500,0.00000,0.00000,1.14644,0.04003,0.06598,0.00219,70.00000,1.12992
learned_occlusion_regressor,combined_stress,8,6,0.72917,0.15043,0.08646,0.02084,0.07849,0.01079,0.07891,0.01866,0.19481,0.02276,0.55708,0.04470,0.00000,0.00000,0.23218,0.07262,0.55972,0.07888,76.87500,8.67442,0.00000,0.00000,1.14385,0.05217,0.06764,0.00356,69.06250,1.08859
learned_occlusion_regressor,distractor_swap,8,6,1.00000,0.00000,0.05917,0.00993,0.04971,0.00268,0.05281,0.00980,0.20675,0.01532,0.50931,0.05161,0.00000,0.00000,0.21690,0.11181,0.74491,0.02582,84.37500,5.37965,0.00000,0.00000,1.05989,0.03830,0.06806,0.00262,69.02083,0.92691
learned_occlusion_regressor,embodiment_control_shift,8,6,0.89583,0.10581,0.05986,0.00380,0.05757,0.00587,0.05895,0.00361,0.20315,0.01745,0.61223,0.04357,0.00000,0.00000,0.15857,0.08471,0.68820,0.04674,82.50000,7.85748,0.00000,0.00000,1.06100,0.04845,0.06556,0.00400,69.06250,0.98763
learned_occlusion_regressor,end_effector_occlusion,8,6,0.97917,0.04083,0.05922,0.02004,0.04452,0.00451,0.05922,0.02004,0.22692,0.01265,0.65563,0.12174,0.00000,0.00000,0.07199,0.05213,0.75972,0.01490,90.00000,0.00000,0.00000,0.00000,1.04512,0.04406,0.07533,0.00312,69.95833,1.18064
learned_occlusion_regressor,false_reappearance,8,6,0.77083,0.12250,0.07660,0.01032,0.06986,0.00704,0.07324,0.00795,0.21465,0.01103,0.59473,0.06286,0.00000,0.00000,0.22755,0.07652,0.64004,0.06299,82.50000,5.55608,0.00000,0.00000,1.10318,0.02327,0.06606,0.00228,69.91667,0.53106
learned_occlusion_regressor,hidden_contact_drift,8,6,0.95833,0.05346,0.06345,0.01363,0.06129,0.00712,0.05956,0.01642,0.18388,0.02240,0.65753,0.06584,0.00000,0.00000,0.10625,0.09169,0.71505,0.02650,73.12500,8.67442,0.00000,0.00000,1.10072,0.04756,0.06681,0.00235,68.50000,1.17457
learned_occlusion_regressor,high_symmetry_layout,8,6,0.95833,0.05346,0.06388,0.01634,0.06337,0.00581,0.06380,0.01648,0.20459,0.01095,0.53478,0.07497,0.00000,0.00000,0.16759,0.06640,0.70671,0.04551,84.39583,5.35984,0.00000,0.00000,1.12574,0.04731,0.06363,0.00355,68.77083,0.78560
learned_occlusion_regressor,long_self_occlusion,8,6,0.93750,0.08593,0.05600,0.01606,0.04674,0.00412,0.05600,0.01606,0.24185,0.00738,0.51464,0.14098,0.00000,0.00000,0.05741,0.05229,0.74468,0.03578,90.00000,0.00000,0.00000,0.00000,1.02694,0.03287,0.07696,0.00307,71.22917,0.65023
learned_occlusion_regressor,near_identical_distractors,8,6,0.89583,0.05978,0.05785,0.01262,0.05810,0.00459,0.05648,0.01141,0.20774,0.01603,0.51841,0.04674,0.00000,0.00000,0.21505,0.11411,0.72083,0.02851,84.37500,5.37965,0.00000,0.00000,1.07615,0.03261,0.06617,0.00276,69.31250,0.71312
learned_occlusion_regressor,nominal,8,6,1.00000,0.00000,0.02333,0.00604,0.01991,0.00156,0.01918,0.00504,0.13066,0.02160,0.41319,0.09946,0.00000,0.00000,0.10880,0.06137,0.77593,0.00846,54.37500,9.52264,0.00000,0.00000,0.97960,0.04545,0.06621,0.00459,65.02083,1.11880
learned_occlusion_regressor,object_displacement,8,6,0.97917,0.04083,0.06359,0.02023,0.05437,0.00508,0.06136,0.01537,0.18359,0.03389,0.61137,0.08733,0.00000,0.00000,0.08009,0.04426,0.75046,0.02839,71.29167,12.07385,0.00000,0.00000,1.07195,0.05449,0.06811,0.00329,68.52083,1.22451
learned_occlusion_regressor,short_self_occlusion,8,6,1.00000,0.00000,0.04156,0.01158,0.03636,0.00256,0.04109,0.01155,0.21491,0.00742,0.61672,0.07253,0.00000,0.00000,0.04283,0.04338,0.77269,0.00715,88.12500,3.67500,0.00000,0.00000,1.01528,0.02687,0.07628,0.00285,69.12500,0.57499
learned_occlusion_regressor,stale_memory_trap,8,6,0.75000,0.08730,0.08157,0.01262,0.07270,0.00506,0.07387,0.00773,0.20832,0.01396,0.62989,0.08865,0.00000,0.00000,0.10810,0.04193,0.62106,0.03546,80.62500,5.37965,0.00000,0.00000,1.12636,0.02877,0.06451,0.00370,69.77083,0.55539
no_self_mask_ablation,camera_dropout_burst,8,6,0.89583,0.08593,0.05118,0.00537,0.05541,0.00640,0.05299,0.00574,0.63210,0.04326,0.02536,0.01749,0.00000,0.00000,0.13981,0.07421,0.64768,0.05835,76.94792,14.01900,0.00000,0.00000,1.00666,0.05310,0.13569,0.00937,69.62500,1.00449
no_self_mask_ablation,combined_extreme_stress,8,6,0.58333,0.10693,0.07479,0.01224,0.08610,0.00895,0.07612,0.01139,0.63283,0.03290,0.07616,0.08685,0.00000,0.00000,0.15579,0.10605,0.38148,0.06481,76.95833,8.60539,0.00000,0.00000,1.05988,0.04321,0.12830,0.00587,69.62500,1.24199
no_self_mask_ablation,combined_stress,8,6,0.72917,0.05977,0.06036,0.00827,0.06960,0.00730,0.06027,0.00870,0.64642,0.01881,0.06882,0.03587,0.00000,0.00000,0.21806,0.10277,0.52014,0.05367,78.77083,7.34428,0.00000,0.00000,1.05246,0.04042,0.13232,0.00458,69.54167,0.89408
no_self_mask_ablation,distractor_swap,8,6,1.00000,0.00000,0.03323,0.00492,0.03517,0.00518,0.03323,0.00492,0.66872,0.00503,0.00696,0.00320,0.00000,0.00000,0.10741,0.05911,0.76528,0.01487,90.00000,0.00000,0.00000,0.00000,0.99918,0.03836,0.14682,0.00435,69.33333,1.02561
no_self_mask_ablation,embodiment_control_shift,8,6,1.00000,0.00000,0.04231,0.00359,0.04769,0.00306,0.04148,0.00253,0.64070,0.02117,0.00569,0.00610,0.00000,0.00000,0.09907,0.07450,0.74583,0.01392,78.77083,7.32089,0.00000,0.00000,0.99344,0.04264,0.13730,0.00486,69.29167,0.90468
no_self_mask_ablation,end_effector_occlusion,8,6,1.00000,0.00000,0.03150,0.00481,0.03239,0.00355,0.03150,0.00481,0.67228,0.00601,0.00579,0.00762,0.00000,0.00000,0.10185,0.06195,0.77083,0.01366,90.00000,0.00000,0.00000,0.00000,0.97689,0.04859,0.15062,0.00240,70.18750,1.22451
no_self_mask_ablation,false_reappearance,8,6,0.89583,0.10581,0.04661,0.00848,0.04958,0.00786,0.04703,0.00820,0.66224,0.01273,0.00956,0.00904,0.00000,0.00000,0.05116,0.04052,0.68634,0.05950,86.27083,4.78507,0.00000,0.00000,1.00014,0.02075,0.14134,0.00355,70.12500,0.48903
no_self_mask_ablation,hidden_contact_drift,8,6,0.93750,0.08593,0.04807,0.00772,0.05698,0.00767,0.04681,0.00687,0.63597,0.01839,0.03125,0.05202,0.00000,0.00000,0.08704,0.09393,0.66759,0.06459,75.02083,7.85759,0.00000,0.00000,1.01778,0.02948,0.13222,0.00498,69.27083,0.66184
no_self_mask_ablation,high_symmetry_layout,8,6,0.87500,0.05346,0.04578,0.00419,0.05002,0.00368,0.04448,0.00452,0.65407,0.01341,0.05585,0.04596,0.00000,0.00000,0.14375,0.07774,0.66389,0.02556,84.37500,5.37965,0.00000,0.00000,1.05621,0.03835,0.13802,0.00286,69.04167,0.89408
no_self_mask_ablation,long_self_occlusion,8,6,1.00000,0.00000,0.03723,0.00552,0.03961,0.00615,0.03723,0.00552,0.67746,0.00283,0.00000,0.00000,0.00000,0.00000,0.06806,0.06038,0.75694,0.01759,90.00000,0.00000,0.00000,0.00000,0.96123,0.03377,0.14902,0.00352,71.33333,0.66202
no_self_mask_ablation,near_identical_distractors,8,6,0.97917,0.04083,0.04007,0.00538,0.04097,0.00441,0.03981,0.00518,0.66462,0.01072,0.03496,0.04113,0.00000,0.00000,0.19028,0.10105,0.74352,0.03102,88.12500,3.67500,0.00000,0.00000,0.99856,0.03196,0.14453,0.00464,69.64583,0.63390
no_self_mask_ablation,nominal,8,6,1.00000,0.00000,0.01527,0.00191,0.01542,0.00234,0.01523,0.00203,0.64337,0.01384,0.00000,0.00000,0.00000,0.00000,0.10116,0.07738,0.77917,0.00864,86.25000,4.81170,0.00000,0.00000,0.95114,0.04207,0.14739,0.00325,66.97917,0.75719
no_self_mask_ablation,object_displacement,8,6,1.00000,0.00000,0.03991,0.00605,0.04481,0.00552,0.03966,0.00552,0.62712,0.03831,0.00833,0.01349,0.00000,0.00000,0.03773,0.03673,0.74838,0.02341,76.87500,10.30124,0.00000,0.00000,1.00442,0.04282,0.13610,0.00689,69.08333,0.96826
no_self_mask_ablation,short_self_occlusion,8,6,1.00000,0.00000,0.02517,0.00315,0.02600,0.00333,0.02517,0.00315,0.66847,0.00315,0.00298,0.00583,0.00000,0.00000,0.01343,0.00799,0.77130,0.00940,90.00000,0.00000,0.00000,0.00000,0.96487,0.03061,0.15147,0.00265,69.41667,0.61425
no_self_mask_ablation,stale_memory_trap,8,6,0.83333,0.12347,0.05713,0.00739,0.06856,0.00781,0.05654,0.00690,0.65223,0.02266,0.05014,0.03303,0.00000,0.00000,0.13519,0.04785,0.57778,0.08357,82.50000,7.85748,0.00000,0.00000,1.02909,0.02695,0.13149,0.00609,70.39583,0.61715
occlusion_aware_permanence_v4,camera_dropout_burst,8,6,0.87500,0.05346,0.04860,0.00576,0.05084,0.00335,0.04860,0.00577,0.60439,0.01163,0.00570,0.00467,0.00000,0.00000,0.06644,0.05711,0.66667,0.04549,84.37500,5.37965,0.00000,0.00000,0.98646,0.04765,0.13030,0.00200,69.81250,0.92897
occlusion_aware_permanence_v4,combined_extreme_stress,8,6,0.70833,0.11955,0.06881,0.01052,0.07085,0.01045,0.06882,0.00967,0.60353,0.01765,0.04019,0.02770,0.00000,0.00000,0.11852,0.03728,0.52778,0.08022,84.39583,5.35984,0.00000,0.00000,1.02486,0.03032,0.12349,0.00660,70.14583,1.00768
occlusion_aware_permanence_v4,combined_stress,8,6,0.77083,0.13718,0.05721,0.00983,0.05903,0.00856,0.05558,0.00959,0.59319,0.03187,0.05533,0.04599,0.00000,0.00000,0.18264,0.08039,0.59861,0.07250,84.37500,7.73373,0.00000,0.00000,1.02824,0.03014,0.12455,0.00652,69.95833,0.77537
occlusion_aware_permanence_v4,distractor_swap,8,6,1.00000,0.00000,0.03637,0.00406,0.03805,0.00348,0.03617,0.00427,0.59922,0.02062,0.00208,0.00408,0.00000,0.00000,0.13403,0.06925,0.76574,0.00941,86.25000,7.35000,0.00000,0.00000,1.00205,0.03880,0.13092,0.00288,69.27083,0.84632
occlusion_aware_permanence_v4,embodiment_control_shift,8,6,0.97917,0.04083,0.04217,0.00558,0.04334,0.00623,0.04157,0.00613,0.59853,0.01875,0.04125,0.04661,0.00000,0.00000,0.06250,0.04224,0.73565,0.03362,86.25000,4.81170,0.00000,0.00000,0.98214,0.05243,0.12985,0.00679,69.52084,0.99436
occlusion_aware_permanence_v4,end_effector_occlusion,8,6,0.97917,0.04083,0.03633,0.00341,0.03467,0.00453,0.03633,0.00341,0.61515,0.00647,0.00298,0.00583,0.00000,0.00000,0.10393,0.07495,0.75833,0.03042,90.00000,0.00000,0.00000,0.00000,0.98219,0.04529,0.13753,0.00350,70.18750,1.18014
occlusion_aware_permanence_v4,false_reappearance,8,6,0.95833,0.05346,0.04470,0.00796,0.04442,0.00713,0.04470,0.00796,0.61627,0.00350,0.02273,0.03793,0.00000,0.00000,0.09236,0.05975,0.74861,0.03347,90.00000,0.00000,0.00000,0.00000,0.99616,0.02474,0.13357,0.00447,70.29166,0.58158
occlusion_aware_permanence_v4,hidden_contact_drift,8,6,0.87500,0.13455,0.04499,0.00929,0.04271,0.00840,0.04499,0.00929,0.61227,0.00437,0.03542,0.05286,0.00000,0.00000,0.06667,0.06699,0.68634,0.06044,90.00000,0.00000,0.00000,0.00000,0.99311,0.02745,0.13236,0.00512,69.70833,0.75797
occlusion_aware_permanence_v4,high_symmetry_layout,8,6,0.89583,0.08593,0.04293,0.00629,0.04230,0.00551,0.04287,0.00633,0.60446,0.01275,0.00338,0.00462,0.00000,0.00000,0.10833,0.05474,0.70787,0.03776,88.12500,3.67500,0.00000,0.00000,1.02550,0.04304,0.13088,0.00366,69.14583,0.99818
occlusion_aware_permanence_v4,long_self_occlusion,8,6,0.95833,0.05346,0.03787,0.00310,0.03789,0.00325,0.03787,0.00310,0.62234,0.00417,0.00000,0.00000,0.00000,0.00000,0.01458,0.01861,0.74838,0.03377,90.00000,0.00000,0.00000,0.00000,0.96282,0.03200,0.13927,0.00220,71.41667,0.70927
occlusion_aware_permanence_v4,near_identical_distractors,8,6,1.00000,0.00000,0.03880,0.00633,0.03946,0.00473,0.03884,0.00606,0.60112,0.01761,0.03069,0.03997,0.00000,0.00000,0.16875,0.11037,0.76018,0.01404,86.25000,4.81170,0.00000,0.00000,0.99252,0.03175,0.13241,0.00599,69.47916,0.67185
occlusion_aware_permanence_v4,nominal,8,6,1.00000,0.00000,0.01988,0.00378,0.02176,0.00345,0.01531,0.00171,0.46374,0.06645,0.00000,0.00000,0.00000,0.00000,0.10023,0.07631,0.77824,0.00870,60.00000,11.11216,0.00000,0.00000,0.97348,0.04037,0.11040,0.01353,64.70834,1.65621
occlusion_aware_permanence_v4,object_displacement,8,6,1.00000,0.00000,0.03906,0.00403,0.03975,0.00367,0.03889,0.00404,0.60705,0.00888,0.00552,0.00720,0.00000,0.00000,0.03912,0.03869,0.76644,0.01118,88.12500,3.67500,0.00000,0.00000,0.98310,0.03468,0.13241,0.00238,69.41667,0.77844
occlusion_aware_permanence_v4,short_self_occlusion,8,6,1.00000,0.00000,0.03105,0.00641,0.03133,0.00697,0.03105,0.00641,0.61047,0.00367,0.00000,0.00000,0.00000,0.00000,0.04213,0.04364,0.77616,0.00649,90.00000,0.00000,0.00000,0.00000,0.96468,0.03267,0.13629,0.00564,69.41667,0.64452
occlusion_aware_permanence_v4,stale_memory_trap,8,6,0.89583,0.08593,0.04630,0.00445,0.04394,0.00347,0.04630,0.00445,0.61813,0.00353,0.03312,0.03640,0.00000,0.00000,0.09931,0.07486,0.71597,0.03471,90.00000,0.00000,0.00000,0.00000,1.00146,0.02980,0.13457,0.00322,70.64583,0.55711
occlusion_aware_permanence_v5,camera_dropout_burst,8,6,0.95833,0.05346,0.03663,0.00346,0.03958,0.00394,0.03635,0.00365,0.52834,0.01124,0.02150,0.02647,0.00000,0.00000,0.12454,0.08877,0.74514,0.02458,88.12500,3.67500,0.00000,0.00000,0.97426,0.04529,0.12505,0.00268,69.97917,0.96716
occlusion_aware_permanence_v5,combined_extreme_stress,8,6,0.66667,0.12347,0.06423,0.00775,0.06441,0.00814,0.06282,0.00633,0.52089,0.01580,0.08836,0.05284,0.02083,0.04083,0.13982,0.06119,0.53727,0.07701,86.25000,4.81170,0.00000,0.00000,1.01688,0.03696,0.11608,0.00363,70.20833,0.83911
occlusion_aware_permanence_v5,combined_stress,8,6,0.77083,0.13718,0.05928,0.00807,0.06248,0.00433,0.06094,0.00707,0.50401,0.02326,0.05572,0.07459,0.00000,0.00000,0.18634,0.07844,0.57477,0.05383,82.50000,5.55608,0.00000,0.00000,1.03090,0.04137,0.10940,0.00457,69.77083,0.76843
occlusion_aware_permanence_v5,distractor_swap,8,6,1.00000,0.00000,0.03382,0.00340,0.03418,0.00462,0.03347,0.00311,0.51760,0.01717,0.00490,0.00961,0.00000,0.00000,0.16019,0.07656,0.76736,0.01029,88.12500,3.67500,0.00000,0.00000,0.99731,0.03983,0.12068,0.00498,69.37500,0.95588
occlusion_aware_permanence_v5,embodiment_control_shift,8,6,1.00000,0.00000,0.03796,0.00246,0.03786,0.00301,0.03796,0.00246,0.52661,0.00616,0.00000,0.00000,0.00000,0.00000,0.08935,0.08495,0.76296,0.00574,90.00000,0.00000,0.00000,0.00000,0.97195,0.04255,0.12116,0.00157,69.58333,0.94637
occlusion_aware_permanence_v5,end_effector_occlusion,8,6,0.97917,0.04083,0.03645,0.00545,0.03588,0.00528,0.03645,0.00545,0.52882,0.00774,0.00000,0.00000,0.00000,0.00000,0.06042,0.03464,0.76018,0.02037,90.00000,0.00000,0.00000,0.00000,0.97495,0.04535,0.12174,0.00465,70.16667,1.14666
occlusion_aware_permanence_v5,false_reappearance,8,6,0.97917,0.04083,0.04413,0.00451,0.04273,0.00445,0.04413,0.00451,0.53013,0.00359,0.00389,0.00414,0.00000,0.00000,0.08125,0.04339,0.75857,0.01361,90.00000,0.00000,0.00000,0.00000,0.98919,0.02696,0.12060,0.00341,70.27083,0.58546
occlusion_aware_permanence_v5,hidden_contact_drift,8,6,0.97917,0.04083,0.03837,0.00638,0.03823,0.00435,0.03886,0.00614,0.51316,0.01436,0.00000,0.00000,0.00000,0.00000,0.05185,0.08579,0.75394,0.01472,86.27083,4.78507,0.00000,0.00000,0.98975,0.02862,0.11915,0.00289,69.54167,0.69776
occlusion_aware_permanence_v5,high_symmetry_layout,8,6,0.93750,0.05978,0.04288,0.00661,0.04431,0.00626,0.04288,0.00661,0.52310,0.00614,0.02115,0.04146,0.00000,0.00000,0.14930,0.07693,0.72454,0.03598,90.00000,0.00000,0.00000,0.00000,1.03090,0.03901,0.11699,0.00410,69.18750,0.87619
occlusion_aware_permanence_v5,long_self_occlusion,8,6,0.97917,0.04083,0.03667,0.00522,0.03765,0.00425,0.03667,0.00522,0.53800,0.00430,0.00000,0.00000,0.00000,0.00000,0.02917,0.02786,0.75741,0.02867,90.00000,0.00000,0.00000,0.00000,0.96068,0.03251,0.12487,0.00384,71.37500,0.64082
occlusion_aware_permanence_v5,near_identical_distractors,8,6,0.97917,0.04083,0.03693,0.00435,0.03853,0.00419,0.03702,0.00458,0.51048,0.02040,0.00253,0.00331,0.00000,0.00000,0.16759,0.09078,0.75069,0.01820,86.25000,4.81170,0.00000,0.00000,0.99174,0.03210,0.11871,0.00435,69.52083,0.66901
occlusion_aware_permanence_v5,nominal,8,6,1.00000,0.00000,0.01693,0.00204,0.01924,0.00269,0.01610,0.00183,0.39425,0.05945,0.00000,0.00000,0.00000,0.00000,0.07986,0.05904,0.77870,0.00857,61.87500,14.09701,0.00000,0.00000,0.97233,0.03802,0.10103,0.01153,65.16667,1.25610
occlusion_aware_permanence_v5,object_displacement,8,6,1.00000,0.00000,0.03527,0.00494,0.03472,0.00448,0.03551,0.00497,0.51988,0.00743,0.00000,0.00000,0.00000,0.00000,0.03866,0.04373,0.77176,0.00820,88.12500,3.67500,0.00000,0.00000,0.97657,0.04062,0.12118,0.00279,69.35417,0.66901
occlusion_aware_permanence_v5,short_self_occlusion,8,6,1.00000,0.00000,0.02976,0.00445,0.03074,0.00456,0.02954,0.00442,0.51777,0.01396,0.00000,0.00000,0.00000,0.00000,0.05255,0.04586,0.77546,0.00766,88.12500,3.67500,0.00000,0.00000,0.96458,0.03337,0.12070,0.00579,69.29167,0.72455
occlusion_aware_permanence_v5,stale_memory_trap,8,6,0.91667,0.06174,0.04881,0.00304,0.04583,0.00207,0.04881,0.00304,0.53375,0.00332,0.02721,0.04459,0.00000,0.00000,0.11597,0.08392,0.70671,0.03569,90.00000,0.00000,0.00000,0.00000,1.00374,0.03216,0.11966,0.00257,70.56250,0.56895
oracle_state,camera_dropout_burst,8,6,1.00000,0.00000,0.00000,0.00000,0.00026,0.00003,0.00000,0.00000,0.00000,0.00000,0.00000,0.00000,0.00000,0.00000,0.08958,0.06570,0.77269,0.01031,90.00000,0.00000,0.00000,0.00000,0.95276,0.04442,0.00021,0.00002,70.12500,0.96777
oracle_state,combined_extreme_stress,8,6,1.00000,0.00000,0.00000,0.00000,0.00055,0.00005,0.00000,0.00000,0.00000,0.00000,0.00000,0.00000,0.00000,0.00000,0.10718,0.05362,0.75694,0.01093,90.00000,0.00000,0.00000,0.00000,0.99625,0.03724,0.00043,0.00003,70.39583,0.92999
oracle_state,combined_stress,8,6,1.00000,0.00000,0.00000,0.00000,0.00045,0.00001,0.00000,0.00000,0.00000,0.00000,0.00000,0.00000,0.00000,0.00000,0.17546,0.08554,0.75879,0.00862,90.00000,0.00000,0.00000,0.00000,1.00353,0.02991,0.00035,0.00001,70.00000,0.74849
oracle_state,distractor_swap,8,6,1.00000,0.00000,0.00000,0.00000,0.00014,0.00001,0.00000,0.00000,0.00000,0.00000,0.00000,0.00000,0.00000,0.00000,0.10417,0.08190,0.77083,0.01044,90.00000,0.00000,0.00000,0.00000,0.97531,0.04016,0.00011,0.00000,69.39583,0.93612
oracle_state,embodiment_control_shift,8,6,1.00000,0.00000,0.00000,0.00000,0.00032,0.00001,0.00000,0.00000,0.00000,0.00000,0.00000,0.00000,0.00000,0.00000,0.10000,0.06775,0.76643,0.01048,90.00000,0.00000,0.00000,0.00000,0.95797,0.04832,0.00025,0.00001,69.68750,0.97305
oracle_state,end_effector_occlusion,8,6,1.00000,0.00000,0.00000,0.00000,0.00014,0.00001,0.00000,0.00000,0.00000,0.00000,0.00000,0.00000,0.00000,0.00000,0.08958,0.06311,0.77176,0.01358,90.00000,0.00000,0.00000,0.00000,0.96174,0.04873,0.00011,0.00001,70.12500,1.15783
oracle_state,false_reappearance,8,6,1.00000,0.00000,0.00000,0.00000,0.00027,0.00002,0.00000,0.00000,0.00000,0.00000,0.00000,0.00000,0.00000,0.00000,0.07338,0.06005,0.77014,0.00670,90.00000,0.00000,0.00000,0.00000,0.97254,0.02117,0.00021,0.00002,70.41667,0.56580
oracle_state,hidden_contact_drift,8,6,1.00000,0.00000,0.00000,0.00000,0.00038,0.00002,0.00000,0.00000,0.00000,0.00000,0.00000,0.00000,0.00000,0.00000,0.05741,0.05684,0.76921,0.00897,90.00000,0.00000,0.00000,0.00000,0.97282,0.03575,0.00029,0.00002,69.68750,0.78195
oracle_state,high_symmetry_layout,8,6,1.00000,0.00000,0.00000,0.00000,0.00028,0.00002,0.00000,0.00000,0.00000,0.00000,0.00000,0.00000,0.00000,0.00000,0.09977,0.07136,0.76018,0.01108,90.00000,0.00000,0.00000,0.00000,1.00992,0.04451,0.00022,0.00001,69.25000,0.93625
oracle_state,long_self_occlusion,8,6,1.00000,0.00000,0.00000,0.00000,0.00016,0.00002,0.00000,0.00000,0.00000,0.00000,0.00000,0.00000,0.00000,0.00000,0.05370,0.04693,0.77570,0.00765,90.00000,0.00000,0.00000,0.00000,0.94421,0.03142,0.00013,0.00001,71.41667,0.69571
oracle_state,near_identical_distractors,8,6,1.00000,0.00000,0.00000,0.00000,0.00017,0.00002,0.00000,0.00000,0.00000,0.00000,0.00000,0.00000,0.00000,0.00000,0.16342,0.13162,0.76945,0.00726,90.00000,0.00000,0.00000,0.00000,0.96383,0.03079,0.00013,0.00001,69.62500,0.61965
oracle_state,nominal,8,6,1.00000,0.00000,0.00000,0.00000,0.00007,0.00000,0.00000,0.00000,0.00000,0.00000,0.00000,0.00000,0.00000,0.00000,0.10139,0.07743,0.77893,0.00862,90.00000,0.00000,0.00000,0.00000,0.94440,0.04313,0.00005,0.00000,67.06250,0.78317
oracle_state,object_displacement,8,6,1.00000,0.00000,0.00000,0.00000,0.00031,0.00003,0.00000,0.00000,0.00000,0.00000,0.00000,0.00000,0.00000,0.00000,0.06690,0.04492,0.77315,0.00848,90.00000,0.00000,0.00000,0.00000,0.96817,0.03667,0.00024,0.00002,69.50000,0.71462
oracle_state,short_self_occlusion,8,6,1.00000,0.00000,0.00000,0.00000,0.00012,0.00001,0.00000,0.00000,0.00000,0.00000,0.00000,0.00000,0.00000,0.00000,0.04143,0.04240,0.77500,0.00748,90.00000,0.00000,0.00000,0.00000,0.95245,0.02942,0.00009,0.00000,69.37500,0.66989
oracle_state,stale_memory_trap,8,6,1.00000,0.00000,0.00000,0.00000,0.00046,0.00004,0.00000,0.00000,0.00000,0.00000,0.00000,0.00000,0.00000,0.00000,0.08310,0.04938,0.76690,0.00649,90.00000,0.00000,0.00000,0.00000,0.99813,0.02793,0.00036,0.00003,70.62500,0.56158
particle_belief_tracker,camera_dropout_burst,8,6,0.35417,0.14395,0.11696,0.03233,0.12701,0.01683,0.07637,0.02723,0.02827,0.01572,0.60915,0.06357,0.00000,0.00000,0.37014,0.04213,0.36343,0.04478,17.04340,11.67377,0.00000,0.00000,1.33490,0.02921,0.05285,0.00750,57.25000,2.42734
particle_belief_tracker,combined_extreme_stress,8,6,0.04167,0.05346,0.12831,0.02541,0.13710,0.01024,0.08577,0.01214,0.16132,0.02519,0.75122,0.03005,0.00000,0.00000,0.62454,0.05939,0.15995,0.03641,30.08680,11.09807,0.00000,0.00000,1.35577,0.06461,0.04705,0.00345,64.12500,3.38794
particle_belief_tracker,combined_stress,8,6,0.20833,0.14803,0.13586,0.01454,0.12830,0.01029,0.07725,0.02020,0.07428,0.02693,0.72066,0.05002,0.00000,0.00000,0.55139,0.08650,0.23195,0.05200,33.77257,17.34124,0.00000,0.00000,1.34239,0.05970,0.04683,0.00392,61.95833,3.51655
particle_belief_tracker,distractor_swap,8,6,0.68750,0.13004,0.06969,0.00973,0.07680,0.00322,0.04222,0.00592,0.00000,0.00000,0.53385,0.04107,0.00000,0.00000,0.46805,0.07680,0.55972,0.03641,11.26389,4.81767,0.00000,0.00000,1.23106,0.04794,0.02823,0.00254,59.66667,1.72193
particle_belief_tracker,embodiment_control_shift,8,6,0.47917,0.14395,0.12101,0.02949,0.11426,0.01641,0.06286,0.02334,0.02756,0.01483,0.72481,0.03442,0.00000,0.00000,0.45162,0.07844,0.38218,0.03884,15.09375,9.63251,0.00000,0.00000,1.30050,0.04026,0.04591,0.00875,58.72917,1.11453
particle_belief_tracker,end_effector_occlusion,8,6,0.50000,0.12347,0.08986,0.03246,0.08947,0.01716,0.06312,0.02953,0.00000,0.00000,0.57043,0.06069,0.00000,0.00000,0.28449,0.05969,0.46181,0.04794,18.78820,9.18666,0.00000,0.00000,1.28606,0.04245,0.04370,0.01021,61.85417,2.04324
particle_belief_tracker,false_reappearance,8,6,0.27083,0.10581,0.12911,0.01479,0.12193,0.01195,0.07190,0.01542,0.00028,0.00056,0.71973,0.03369,0.00000,0.00000,0.51713,0.05316,0.29097,0.01915,18.84722,7.30942,0.00000,0.00000,1.30728,0.02549,0.04283,0.00752,60.39583,1.40496
particle_belief_tracker,hidden_contact_drift,8,6,0.45833,0.19276,0.12147,0.01770,0.12938,0.01342,0.05196,0.01466,0.13267,0.04337,0.75575,0.03896,0.00000,0.00000,0.35023,0.11016,0.35833,0.03902,13.14757,10.30491,0.00000,0.00000,1.39241,0.05833,0.05846,0.00983,56.10416,5.07647
particle_belief_tracker,high_symmetry_layout,8,6,0.39583,0.12250,0.10311,0.01197,0.11305,0.01023,0.05764,0.01314,0.00490,0.00439,0.71353,0.03172,0.00000,0.00000,0.49074,0.04267,0.34560,0.05932,20.70312,12.31144,0.00000,0.00000,1.34026,0.06236,0.04117,0.00354,58.18750,2.21594
particle_belief_tracker,long_self_occlusion,8,6,0.27083,0.12250,0.11445,0.01864,0.10210,0.00754,0.07739,0.02025,0.01404,0.01006,0.61263,0.05275,0.00000,0.00000,0.23171,0.06399,0.40902,0.04407,22.52083,12.41693,0.00000,0.00000,1.31580,0.04636,0.05163,0.00501,64.18750,1.88712
particle_belief_tracker,near_identical_distractors,8,6,0.64583,0.07402,0.07996,0.01062,0.08554,0.00346,0.04878,0.01003,0.00000,0.00000,0.58042,0.03523,0.00000,0.00000,0.45185,0.05870,0.49491,0.02941,13.15278,8.66128,0.00000,0.00000,1.23999,0.03634,0.03006,0.00299,59.83333,1.57876
particle_belief_tracker,nominal,8,6,0.93750,0.05978,0.02371,0.00936,0.02056,0.00659,0.03009,0.01244,0.00000,0.00000,0.14931,0.13992,0.00000,0.00000,0.10232,0.07426,0.75440,0.02001,43.12500,12.95591,0.00000,0.00000,1.01684,0.03546,0.03686,0.00368,61.91667,1.74938
particle_belief_tracker,object_displacement,8,6,0.58333,0.23099,0.10238,0.02914,0.09907,0.01163,0.04910,0.01558,0.04510,0.01954,0.59017,0.04276,0.00000,0.00000,0.21597,0.07364,0.51320,0.07114,5.70313,7.72485,0.00000,0.00000,1.36017,0.06958,0.05283,0.00530,55.00000,3.28586
particle_belief_tracker,short_self_occlusion,8,6,0.89583,0.08593,0.04243,0.01003,0.04801,0.00412,0.03117,0.00362,0.00000,0.00000,0.28159,0.10279,0.00000,0.00000,0.10648,0.04344,0.68519,0.02291,3.75000,4.81170,0.00000,0.00000,1.17310,0.02331,0.04014,0.00390,62.14583,1.21984
particle_belief_tracker,stale_memory_trap,8,6,0.27083,0.17393,0.12538,0.03537,0.14178,0.01666,0.06794,0.01997,0.15180,0.02037,0.78533,0.05264,0.00000,0.00000,0.47268,0.07703,0.21736,0.03986,22.58160,7.85878,0.00000,0.00000,1.40072,0.06782,0.06121,0.00705,61.02083,2.98850
pomdp_style_belief_planner,camera_dropout_burst,8,6,0.60417,0.10581,0.06171,0.00806,0.07105,0.00302,0.05111,0.00284,0.17041,0.05734,0.05014,0.03263,0.00000,0.00000,0.14144,0.05509,0.47014,0.03960,11.44271,4.78854,15.56250,0.94018,1.53200,0.03494,0.07351,0.00748,55.27083,2.14293
pomdp_style_belief_planner,combined_extreme_stress,8,6,0.35417,0.16836,0.09327,0.01134,0.10686,0.01098,0.06964,0.00831,0.32098,0.11436,0.08910,0.04598,0.00000,0.00000,0.10463,0.04787,0.27315,0.08597,24.54584,14.56028,15.85417,1.89116,1.58640,0.05414,0.10117,0.01732,61.18750,2.78724
pomdp_style_belief_planner,combined_stress,8,6,0.52083,0.13005,0.08456,0.00849,0.08568,0.00738,0.05490,0.00714,0.36183,0.07237,0.07919,0.05133,0.00000,0.00000,0.17662,0.08546,0.40116,0.04329,31.95312,8.68832,14.33333,1.13497,1.52593,0.05829,0.10648,0.00778,61.20833,1.88137
pomdp_style_belief_planner,distractor_swap,8,6,0.64583,0.09638,0.04807,0.01487,0.04730,0.00436,0.03114,0.00134,0.01524,0.02986,0.03164,0.01578,0.00000,0.00000,0.23125,0.05207,0.51621,0.01234,1.89583,3.68482,16.97917,0.98473,1.55469,0.03422,0.04283,0.00549,47.97917,1.59250
pomdp_style_belief_planner,embodiment_control_shift,8,6,0.60417,0.19461,0.06671,0.01273,0.06759,0.00497,0.03834,0.00379,0.10425,0.06116,0.00996,0.00815,0.00000,0.00000,0.12269,0.05543,0.46829,0.02493,5.71354,7.72074,16.16667,1.41181,1.54054,0.06675,0.05514,0.01009,53.14583,1.89619
pomdp_style_belief_planner,end_effector_occlusion,8,6,0.58333,0.18520,0.05240,0.01191,0.04589,0.00248,0.02980,0.00267,0.11218,0.04758,0.02290,0.01490,0.00000,0.00000,0.10648,0.06362,0.50486,0.01787,9.39583,5.38101,17.25000,1.20184,1.53434,0.06117,0.05980,0.00859,54.41667,1.57271
pomdp_style_belief_planner,false_reappearance,8,6,0.66667,0.12347,0.07255,0.01436,0.06687,0.00373,0.04506,0.00554,0.17315,0.13091,0.04352,0.01957,0.00000,0.00000,0.14491,0.05612,0.43056,0.02425,15.09722,14.68844,17.14583,2.07563,1.55510,0.04686,0.07271,0.02046,56.08333,3.04757
pomdp_style_belief_planner,hidden_contact_drift,8,6,0.56250,0.15043,0.07122,0.01246,0.08285,0.00457,0.04588,0.00643,0.28528,0.09498,0.06164,0.03419,0.00000,0.00000,0.10347,0.05835,0.49143,0.04387,24.39688,11.03348,12.35417,1.87903,1.46134,0.07166,0.08218,0.01495,57.89583,2.76906
pomdp_style_belief_planner,high_symmetry_layout,8,6,0.62500,0.13455,0.06569,0.01214,0.06713,0.00495,0.04143,0.00290,0.13363,0.08388,0.03967,0.03737,0.00000,0.00000,0.15926,0.07623,0.43241,0.04618,13.18403,8.64524,15.77083,1.07449,1.56498,0.03524,0.06436,0.01325,53.50000,1.96291
pomdp_style_belief_planner,long_self_occlusion,8,6,0.87500,0.08167,0.03828,0.00489,0.04265,0.00308,0.03013,0.00144,0.31473,0.08581,0.00000,0.00000,0.00000,0.00000,0.02315,0.01387,0.51597,0.04044,30.02430,9.62049,14.54167,1.04721,1.43906,0.02293,0.10149,0.01518,62.37500,2.15960
pomdp_style_belief_planner,near_identical_distractors,8,6,0.54167,0.16039,0.06144,0.01386,0.05552,0.00387,0.03578,0.00205,0.06960,0.04782,0.01810,0.01278,0.00000,0.00000,0.14907,0.06349,0.50231,0.01152,3.80382,4.80073,17.18750,1.14073,1.54869,0.05144,0.05330,0.00784,50.93750,1.67246
pomdp_style_belief_planner,nominal,8,6,1.00000,0.00000,0.01719,0.00179,0.02328,0.00193,0.01375,0.00019,0.00000,0.00000,0.00000,0.00000,0.00000,0.00000,0.07477,0.04498,0.77778,0.00905,0.00000,0.00000,7.97917,0.37265,1.24381,0.04316,0.02461,0.00069,38.25000,0.62042
pomdp_style_belief_planner,object_displacement,8,6,0.58333,0.08731,0.05670,0.00893,0.07050,0.00342,0.03468,0.00253,0.10269,0.06201,0.01343,0.01458,0.00000,0.00000,0.08056,0.03694,0.55139,0.01571,5.69514,5.36611,13.35417,1.17852,1.48865,0.01885,0.05139,0.00889,51.10416,2.15092
pomdp_style_belief_planner,short_self_occlusion,8,6,0.60417,0.13718,0.03389,0.00405,0.04007,0.00327,0.02330,0.00084,0.00000,0.00000,0.00694,0.01361,0.00000,0.00000,0.04745,0.04020,0.57361,0.01296,0.01806,0.01791,15.16667,0.79058,1.47406,0.02559,0.03594,0.00054,47.18750,0.75970
pomdp_style_belief_planner,stale_memory_trap,8,6,0.50000,0.06174,0.06981,0.01178,0.08277,0.00457,0.04558,0.00619,0.21363,0.08835,0.05745,0.03139,0.00000,0.00000,0.11643,0.03898,0.35833,0.04057,18.84028,10.72631,15.41667,1.53220,1.54112,0.04502,0.07494,0.01397,58.50000,2.19916
random_forest_occlusion_regressor,camera_dropout_burst,8,6,0.89583,0.05978,0.05169,0.00793,0.05406,0.00513,0.04854,0.00824,0.20421,0.01594,0.07930,0.04308,0.00000,0.00000,0.08912,0.05672,0.71690,0.03685,78.75000,7.35000,0.00000,0.00000,1.04106,0.04166,0.06874,0.00403,69.50000,0.89248
random_forest_occlusion_regressor,combined_extreme_stress,8,6,0.66667,0.10693,0.07193,0.00612,0.07076,0.00613,0.07020,0.00618,0.22762,0.01464,0.13756,0.05295,0.00000,0.00000,0.14352,0.06460,0.55486,0.05481,88.12500,3.67500,0.00000,0.00000,1.06614,0.03843,0.06482,0.00358,70.25000,0.94233
random_forest_occlusion_regressor,combined_stress,8,6,0.75000,0.15122,0.07000,0.01109,0.06738,0.00738,0.06999,0.01109,0.22461,0.01204,0.09221,0.07844,0.00000,0.00000,0.15324,0.06525,0.59120,0.08642,88.12500,3.67500,0.00000,0.00000,1.07454,0.03071,0.06496,0.00365,69.89583,0.75593
random_forest_occlusion_regressor,distractor_swap,8,6,1.00000,0.00000,0.04409,0.00896,0.04274,0.00369,0.04331,0.00872,0.21027,0.01312,0.05510,0.05763,0.00000,0.00000,0.18750,0.11361,0.75602,0.02057,86.25000,4.81170,0.00000,0.00000,1.03291,0.03321,0.06819,0.00235,69.25000,0.88820
random_forest_occlusion_regressor,embodiment_control_shift,8,6,1.00000,0.00000,0.05164,0.01172,0.04665,0.00504,0.05182,0.01202,0.21419,0.00754,0.09696,0.06799,0.00000,0.00000,0.13009,0.08796,0.73796,0.02058,86.25000,4.81170,0.00000,0.00000,1.01618,0.04159,0.06860,0.00329,69.47917,0.93917
random_forest_occlusion_regressor,end_effector_occlusion,8,6,1.00000,0.00000,0.04441,0.00864,0.04120,0.00451,0.04440,0.00863,0.22425,0.01345,0.04689,0.05078,0.00000,0.00000,0.07824,0.04559,0.75718,0.01926,88.12500,3.67500,0.00000,0.00000,1.01932,0.04327,0.07191,0.00417,70.16667,1.16643
random_forest_occlusion_regressor,false_reappearance,8,6,0.87500,0.08167,0.05669,0.00800,0.05542,0.00551,0.05679,0.00834,0.22167,0.01108,0.12740,0.05356,0.00000,0.00000,0.13981,0.06074,0.71412,0.02408,86.27083,4.78507,0.00000,0.00000,1.04938,0.02720,0.06637,0.00324,70.18750,0.60309
random_forest_occlusion_regressor,hidden_contact_drift,8,6,1.00000,0.00000,0.05069,0.00870,0.05073,0.00348,0.05205,0.00776,0.20098,0.02215,0.04213,0.03353,0.00000,0.00000,0.07454,0.06262,0.74236,0.01318,80.62500,9.52264,0.00000,0.00000,1.03968,0.02864,0.06480,0.00126,69.47917,0.80595
random_forest_occlusion_regressor,high_symmetry_layout,8,6,0.93750,0.08593,0.05182,0.00591,0.05089,0.00370,0.05076,0.00693,0.21532,0.01176,0.08650,0.03216,0.00000,0.00000,0.16273,0.06974,0.72732,0.02611,88.12500,3.67500,0.00000,0.00000,1.06798,0.05011,0.06670,0.00287,69.08333,0.87305
random_forest_occlusion_regressor,long_self_occlusion,8,6,0.93750,0.05978,0.04955,0.00961,0.04680,0.00822,0.04905,0.00951,0.23810,0.01008,0.08391,0.03506,0.00000,0.00000,0.05069,0.03987,0.72801,0.03436,88.12500,3.67500,0.00000,0.00000,1.00059,0.02709,0.07158,0.00427,71.35417,0.65461
random_forest_occlusion_regressor,near_identical_distractors,8,6,0.97917,0.04083,0.04791,0.00526,0.04803,0.00328,0.04849,0.00545,0.21298,0.01604,0.08571,0.04378,0.00000,0.00000,0.19491,0.10202,0.75046,0.01835,86.27083,4.78507,0.00000,0.00000,1.03553,0.03048,0.06702,0.00229,69.47917,0.65169
random_forest_occlusion_regressor,nominal,8,6,1.00000,0.00000,0.01925,0.00346,0.02213,0.00275,0.01580,0.00202,0.12337,0.02235,0.02604,0.04065,0.00000,0.00000,0.07361,0.06710,0.77801,0.00877,56.25000,10.75930,0.00000,0.00000,0.98217,0.04079,0.05969,0.00597,64.52083,1.33471
random_forest_occlusion_regressor,object_displacement,8,6,0.97917,0.04083,0.04580,0.00675,0.04502,0.00507,0.04491,0.00610,0.21265,0.01523,0.03713,0.02538,0.00000,0.00000,0.06551,0.04564,0.75949,0.01871,86.25000,4.81170,0.00000,0.00000,1.02416,0.03716,0.06889,0.00438,69.22917,0.86854
random_forest_occlusion_regressor,short_self_occlusion,8,6,1.00000,0.00000,0.03633,0.00504,0.03382,0.00243,0.03619,0.00498,0.21304,0.01088,0.00000,0.00000,0.00000,0.00000,0.03218,0.02673,0.77523,0.00692,86.25000,4.81170,0.00000,0.00000,0.99362,0.03040,0.07293,0.00213,69.31250,0.65461
random_forest_occlusion_regressor,stale_memory_trap,8,6,0.83333,0.06173,0.05440,0.00756,0.05634,0.00555,0.05440,0.00756,0.23545,0.00532,0.08758,0.04529,0.00000,0.00000,0.11389,0.05245,0.66690,0.03664,90.00000,0.00000,0.00000,0.00000,1.05778,0.02635,0.06697,0.00337,70.56250,0.59193
risk_averse_particle_planner,camera_dropout_burst,8,6,0.39583,0.15043,0.03132,0.00449,0.03381,0.00284,0.03399,0.00190,0.00427,0.00373,0.00110,0.00215,0.00000,0.00000,0.15370,0.07801,0.27107,0.01268,0.21597,0.03725,28.37500,0.42659,1.42746,0.03384,0.05051,0.00180,41.06250,0.89021
risk_averse_particle_planner,combined_extreme_stress,8,6,0.08333,0.08731,0.06913,0.00794,0.06414,0.00446,0.05559,0.00288,0.46091,0.07414,0.04763,0.02260,0.02083,0.04083,0.13310,0.05915,0.03495,0.01470,0.17755,0.06681,43.64583,1.42182,1.32405,0.03922,0.09051,0.01249,48.29167,2.77444
risk_averse_particle_planner,combined_stress,8,6,0.00000,0.00000,0.04084,0.00488,0.04040,0.00189,0.04201,0.00200,0.16897,0.02497,0.00564,0.00689,0.02083,0.04083,0.18704,0.11000,0.05232,0.00872,0.12726,0.03927,37.60417,0.96024,1.37520,0.02352,0.06413,0.00177,44.37500,1.10735
risk_averse_particle_planner,distractor_swap,8,6,0.97917,0.04083,0.03213,0.00498,0.02511,0.00325,0.02986,0.00464,0.20718,0.02286,0.00000,0.00000,0.00000,0.00000,0.13403,0.06404,0.75046,0.01477,73.13542,6.65026,3.58333,0.62042,1.13099,0.04447,0.08716,0.00393,67.79166,1.24046
risk_averse_particle_planner,embodiment_control_shift,8,6,0.35417,0.14395,0.02816,0.00367,0.02910,0.00244,0.02860,0.00103,0.00442,0.00361,0.00174,0.00340,0.00000,0.00000,0.16667,0.06929,0.28704,0.00651,0.08333,0.04048,27.41667,0.62653,1.41524,0.04751,0.04933,0.00169,39.95833,0.60408
risk_averse_particle_planner,end_effector_occlusion,8,6,0.81250,0.07402,0.02566,0.00415,0.02407,0.00349,0.02543,0.00357,0.13019,0.05718,0.00000,0.00000,0.00000,0.00000,0.07662,0.05235,0.61667,0.03417,28.14931,11.70139,11.68750,1.80348,1.36242,0.06777,0.06894,0.00710,61.31250,2.28786
risk_averse_particle_planner,false_reappearance,8,6,0.16667,0.13804,0.03203,0.00381,0.03119,0.00181,0.03132,0.00131,0.00125,0.00168,0.00000,0.00000,0.00000,0.00000,0.18819,0.07097,0.25162,0.01531,0.09375,0.04729,30.29167,0.85708,1.49482,0.03475,0.05150,0.00160,44.66667,0.86868
risk_averse_particle_planner,hidden_contact_drift,8,6,0.22917,0.10581,0.02576,0.00494,0.03246,0.00256,0.03128,0.00075,0.05495,0.01904,0.00000,0.00000,0.00000,0.00000,0.11366,0.05854,0.18958,0.01082,0.05407,0.01502,28.85417,0.77214,1.35251,0.03949,0.05080,0.00112,36.75000,0.75103
risk_averse_particle_planner,high_symmetry_layout,8,6,0.27083,0.08593,0.02742,0.00512,0.03108,0.00254,0.02987,0.00100,0.00479,0.00360,0.00000,0.00000,0.00000,0.00000,0.20532,0.08649,0.26343,0.01513,0.06042,0.03219,28.70833,0.97951,1.49657,0.04516,0.04976,0.00129,41.93750,1.16142
risk_averse_particle_planner,long_self_occlusion,8,6,0.85417,0.09638,0.02903,0.00506,0.02475,0.00336,0.02610,0.00398,0.13581,0.08115,0.00000,0.00000,0.00000,0.00000,0.05208,0.03991,0.50625,0.05206,18.79861,12.11989,16.72917,2.43200,1.47585,0.06186,0.06933,0.01070,60.87500,2.82345
risk_averse_particle_planner,near_identical_distractors,8,6,0.72917,0.10581,0.02295,0.00233,0.02341,0.00232,0.02474,0.00154,0.02162,0.02781,0.00000,0.00000,0.00000,0.00000,0.16597,0.07197,0.50718,0.03072,3.82292,4.79275,17.41667,1.06212,1.50943,0.05223,0.04756,0.00467,49.43750,2.57361
risk_averse_particle_planner,nominal,8,6,1.00000,0.00000,0.01483,0.00139,0.01151,0.00049,0.01483,0.00139,0.00000,0.00000,0.00000,0.00000,0.00000,0.00000,0.09236,0.07695,0.77824,0.00922,90.00000,0.00000,0.00000,0.00000,0.95711,0.04348,0.04676,0.00063,66.97917,0.79164
risk_averse_particle_planner,object_displacement,8,6,0.62500,0.10237,0.02533,0.00319,0.02513,0.00143,0.02567,0.00106,0.00000,0.00000,0.00000,0.00000,0.00000,0.00000,0.09815,0.06215,0.45416,0.00668,0.05104,0.04018,22.68750,0.78438,1.45224,0.03357,0.04492,0.00080,39.25000,0.52746
risk_averse_particle_planner,short_self_occlusion,8,6,1.00000,0.00000,0.02483,0.00268,0.01949,0.00187,0.02483,0.00268,0.00029,0.00058,0.00000,0.00000,0.00000,0.00000,0.03634,0.03735,0.77569,0.00759,90.00000,0.00000,0.00000,0.00000,0.97125,0.03093,0.07666,0.00230,69.35417,0.65461
risk_averse_particle_planner,stale_memory_trap,8,6,0.02083,0.04083,0.02884,0.00226,0.03289,0.00093,0.03383,0.00134,0.16961,0.01187,0.00000,0.00000,0.00000,0.00000,0.10440,0.05015,0.05301,0.00553,0.12848,0.02496,37.45833,0.68675,1.36658,0.03054,0.06671,0.00115,44.50000,0.63259
visibility_gated_kalman,camera_dropout_burst,8,6,0.35417,0.16836,0.19590,0.03933,0.21380,0.01118,0.08663,0.01566,0.00676,0.00462,0.57678,0.04462,0.00000,0.00000,0.33472,0.04861,0.26852,0.03776,3.87639,4.79678,0.00000,0.00000,1.82301,0.04112,0.08875,0.00660,45.08333,3.43832
visibility_gated_kalman,combined_extreme_stress,8,6,0.25000,0.10693,0.15672,0.02574,0.18201,0.01527,0.09180,0.01049,0.00086,0.00120,0.67938,0.00793,0.00000,0.00000,0.59282,0.04464,0.16204,0.03382,22.70729,14.63658,0.00000,0.00000,1.68303,0.05115,0.08729,0.00775,58.50000,5.14954
visibility_gated_kalman,combined_stress,8,6,0.14583,0.07402,0.16915,0.04959,0.19229,0.01897,0.08534,0.01942,0.00241,0.00289,0.64706,0.03585,0.00000,0.00000,0.52639,0.07413,0.20278,0.04288,13.20729,10.28044,0.00000,0.00000,1.74414,0.04989,0.08251,0.00883,53.20833,4.88900
visibility_gated_kalman,distractor_swap,8,6,0.54167,0.11955,0.12592,0.02493,0.15452,0.00653,0.05434,0.01132,0.00258,0.00270,0.64680,0.02672,0.00000,0.00000,0.53333,0.05988,0.40764,0.02059,1.91042,3.66515,0.00000,0.00000,1.57182,0.05394,0.05688,0.00242,45.02083,2.40877
visibility_gated_kalman,embodiment_control_shift,8,6,0.39583,0.13718,0.12652,0.02896,0.18204,0.01700,0.06195,0.01404,0.00453,0.00512,0.60619,0.03234,0.00000,0.00000,0.42755,0.04833,0.30671,0.03835,1.98229,3.68810,0.00000,0.00000,1.70120,0.05772,0.07105,0.00984,46.33333,1.22071
visibility_gated_kalman,end_effector_occlusion,8,6,0.25000,0.13804,0.12666,0.05602,0.18454,0.01193,0.04775,0.00302,0.02964,0.01879,0.47572,0.06856,0.00000,0.00000,0.27731,0.05138,0.31852,0.03604,0.03299,0.02620,0.00000,0.00000,1.79206,0.04128,0.06697,0.00737,47.54167,2.15960
visibility_gated_kalman,false_reappearance,8,6,0.22917,0.17393,0.16064,0.02381,0.18121,0.01326,0.07572,0.01505,0.00000,0.00000,0.70402,0.03536,0.00000,0.00000,0.57245,0.05252,0.23889,0.03355,5.67188,5.35287,0.00000,0.00000,1.60430,0.02801,0.07824,0.00813,50.58333,2.59798
visibility_gated_kalman,hidden_contact_drift,8,6,0.25000,0.10693,0.15586,0.02679,0.19519,0.01244,0.05958,0.00743,0.00531,0.00440,0.62921,0.02914,0.00000,0.00000,0.33194,0.08365,0.29722,0.01707,1.98403,3.73795,0.00000,0.00000,1.80419,0.07595,0.07647,0.00817,45.85417,4.28794
visibility_gated_kalman,high_symmetry_layout,8,6,0.31250,0.18965,0.15388,0.02155,0.17525,0.00734,0.05789,0.00633,0.00074,0.00146,0.67801,0.02841,0.00000,0.00000,0.51505,0.03255,0.25301,0.03812,1.90069,3.67720,0.00000,0.00000,1.65492,0.04576,0.06960,0.00462,47.77084,2.76975
visibility_gated_kalman,long_self_occlusion,8,6,0.10417,0.08593,0.15572,0.04629,0.20476,0.01198,0.04872,0.00310,0.09513,0.04772,0.54521,0.06202,0.00000,0.00000,0.21574,0.06411,0.23657,0.02826,0.03472,0.02818,0.00000,0.00000,1.89212,0.05166,0.07812,0.00340,51.22917,1.83231
visibility_gated_kalman,near_identical_distractors,8,6,0.39583,0.17393,0.12005,0.02991,0.16650,0.00707,0.06104,0.01254,0.00174,0.00340,0.66536,0.02857,0.00000,0.00000,0.50718,0.03935,0.32338,0.01846,5.71007,7.74206,0.00000,0.00000,1.57997,0.03254,0.06330,0.00317,46.04166,3.46139
visibility_gated_kalman,nominal,8,6,0.79167,0.05346,0.06316,0.03193,0.08372,0.01238,0.01947,0.00068,0.09010,0.02829,0.18576,0.09415,0.00000,0.00000,0.09907,0.03677,0.68056,0.01942,0.00000,0.00000,0.00000,0.00000,1.29314,0.04320,0.03304,0.00592,44.25000,1.07637
visibility_gated_kalman,object_displacement,8,6,0.52083,0.11446,0.10700,0.03148,0.18253,0.00906,0.04928,0.00227,0.02060,0.02009,0.52876,0.04181,0.00000,0.00000,0.21759,0.07443,0.37130,0.02814,0.03542,0.02774,0.00000,0.00000,1.73103,0.05593,0.06315,0.00507,40.83333,1.94046
visibility_gated_kalman,short_self_occlusion,8,6,0.58333,0.10693,0.10538,0.02709,0.14619,0.00970,0.03792,0.00245,0.05696,0.03422,0.32629,0.04169,0.00000,0.00000,0.13079,0.05105,0.47639,0.02973,0.02083,0.02673,0.00000,0.00000,1.63777,0.06652,0.05077,0.00574,44.45833,0.82998
visibility_gated_kalman,stale_memory_trap,8,6,0.18750,0.07402,0.19675,0.02708,0.20966,0.01395,0.07561,0.01732,0.00341,0.00393,0.64583,0.02590,0.00000,0.00000,0.44977,0.06416,0.18657,0.02374,9.43681,11.02578,0.00000,0.00000,1.82336,0.05392,0.08803,0.00894,50.87500,3.94846
